id,title,vendor,productType,variantsCount/count,mf_status/value,sku,product/id,product/title,image,__parentId,image/altText,image/url
gid://shopify/Product/7559533822176,Aileen Rectangle Dining Table Brown,Safavieh,Dining Tables,1,Active,,,,,,,
gid://shopify/ProductVariant/42433934491872,,,,,,DTB9217A,gid://shopify/Product/7559533822176,Aileen Rectangle Dining Table Brown,,gid://shopify/Product/7559533822176,,
gid://shopify/MediaImage/29208944279776,,,,,,,,,,gid://shopify/Product/7559533822176,,https://cdn.shopify.com/s/files/1/0220/3498/products/DTB9217A-SIDE.jpg?v=1644733917
gid://shopify/MediaImage/29208944312544,,,,,,,,,,gid://shopify/Product/7559533822176,,https://cdn.shopify.com/s/files/1/0220/3498/products/DTB9217A-FRONT.jpg?v=1644733917
gid://shopify/MediaImage/29208944345312,,,,,,,,,,gid://shopify/Product/7559533822176,,https://cdn.shopify.com/s/files/1/0220/3498/products/DTB9217A-SIDE2.jpg?v=1644733917
gid://shopify/MediaImage/29208944410848,,,,,,,,,,gid://shopify/Product/7559533822176,,https://cdn.shopify.com/s/files/1/0220/3498/products/DTB9217A-DETAIL.jpg?v=1644733917
gid://shopify/MediaImage/29208944443616,,,,,,,,,,gid://shopify/Product/7559533822176,,https://cdn.shopify.com/s/files/1/0220/3498/products/DTB9217A-DETAIL2.jpg?v=1644733917
gid://shopify/MediaImage/29208944476384,,,,,,,,,,gid://shopify/Product/7559533822176,,https://cdn.shopify.com/s/files/1/0220/3498/products/DTB9217A-ROOM.jpg?v=1644733917
gid://shopify/MediaImage/29208944509152,,,,,,,,,,gid://shopify/Product/7559533822176,,https://cdn.shopify.com/s/files/1/0220/3498/products/DTB9217A-ROOM2.jpg?v=1644733917
gid://shopify/MediaImage/29208944541920,,,,,,,,,,gid://shopify/Product/7559533822176,,https://cdn.shopify.com/s/files/1/0220/3498/products/DTB9217A-DIM.jpg?v=1644733917
gid://shopify/Product/7559534248160,Akito Rectangle Dining Table White/Natural,Safavieh,Dining Tables,1,Active,,,,,,,
gid://shopify/ProductVariant/42433935180000,,,,,,DTB9210A,gid://shopify/Product/7559534248160,Akito Rectangle Dining Table White/Natural,,gid://shopify/Product/7559534248160,,
gid://shopify/MediaImage/29208948605152,,,,,,,,,,gid://shopify/Product/7559534248160,,https://cdn.shopify.com/s/files/1/0220/3498/products/DTB9210A-SIDE.jpg?v=1644733983
gid://shopify/MediaImage/29208948637920,,,,,,,,,,gid://shopify/Product/7559534248160,,https://cdn.shopify.com/s/files/1/0220/3498/products/DTB9210A-FRONT.jpg?v=1644733983
gid://shopify/MediaImage/29208948670688,,,,,,,,,,gid://shopify/Product/7559534248160,,https://cdn.shopify.com/s/files/1/0220/3498/products/DTB9210A-SIDE2.jpg?v=1644733983
gid://shopify/MediaImage/29208948736224,,,,,,,,,,gid://shopify/Product/7559534248160,,https://cdn.shopify.com/s/files/1/0220/3498/products/DTB9210A-DETAIL.jpg?v=1644733983
gid://shopify/MediaImage/29208948768992,,,,,,,,,,gid://shopify/Product/7559534248160,,https://cdn.shopify.com/s/files/1/0220/3498/products/DTB9210A-DETAIL2.jpg?v=1644733983
gid://shopify/MediaImage/29208948801760,,,,,,,,,,gid://shopify/Product/7559534248160,,https://cdn.shopify.com/s/files/1/0220/3498/products/DTB9210A-ROOM.jpg?v=1644733983
gid://shopify/MediaImage/29208948834528,,,,,,,,,,gid://shopify/Product/7559534248160,,https://cdn.shopify.com/s/files/1/0220/3498/products/DTB9210A-ROOM2.jpg?v=1644733983
gid://shopify/MediaImage/29208948867296,,,,,,,,,,gid://shopify/Product/7559534248160,,https://cdn.shopify.com/s/files/1/0220/3498/products/DTB9210A-DIM.jpg?v=1644733983
gid://shopify/Product/7559536476384,Ardelle Round Table Ash Gray,Safavieh,Outdoor Dining Tables,1,Active,,,,,,,
gid://shopify/ProductVariant/42433939276000,,,,,,PAT6735B,gid://shopify/Product/7559536476384,Ardelle Round Table Ash Gray,,gid://shopify/Product/7559536476384,,
gid://shopify/MediaImage/29208965447904,,,,,,,,,,gid://shopify/Product/7559536476384,,https://cdn.shopify.com/s/files/1/0220/3498/products/PAT6735B-FRONT.jpg?v=1644734253
gid://shopify/MediaImage/29208965480672,,,,,,,,,,gid://shopify/Product/7559536476384,,https://cdn.shopify.com/s/files/1/0220/3498/products/PAT6735B-DETAIL.jpg?v=1644734253
gid://shopify/MediaImage/29208965513440,,,,,,,,,,gid://shopify/Product/7559536476384,,https://cdn.shopify.com/s/files/1/0220/3498/products/PAT6735B-ROOM.jpg?v=1644734254
gid://shopify/Product/7559536509152,Ardelle Round Table Dark Slate Gray,Safavieh,Outdoor Dining Tables,1,Active,,,,,,,
gid://shopify/ProductVariant/42433939308768,,,,,,PAT6735K,gid://shopify/Product/7559536509152,Ardelle Round Table Dark Slate Gray,,gid://shopify/Product/7559536509152,,
gid://shopify/MediaImage/29208965546208,,,,,,,,,,gid://shopify/Product/7559536509152,,https://cdn.shopify.com/s/files/1/0220/3498/products/PAT6735K-FRONT.jpg?v=1644734257
gid://shopify/MediaImage/29208965578976,,,,,,,,,,gid://shopify/Product/7559536509152,,https://cdn.shopify.com/s/files/1/0220/3498/products/PAT6735K-DETAIL.jpg?v=1644734257
gid://shopify/MediaImage/29208965611744,,,,,,,,,,gid://shopify/Product/7559536509152,,https://cdn.shopify.com/s/files/1/0220/3498/products/PAT6735K-ROOM.jpg?v=1644734257
gid://shopify/Product/7559536443616,Ardelle Round Table Teak,Safavieh,Outdoor Dining Tables,1,Active,,,,,,,
gid://shopify/ProductVariant/42433939243232,,,,,,PAT6735A,gid://shopify/Product/7559536443616,Ardelle Round Table Teak,,gid://shopify/Product/7559536443616,,
gid://shopify/MediaImage/29208965284064,,,,,,,,,,gid://shopify/Product/7559536443616,,https://cdn.shopify.com/s/files/1/0220/3498/products/PAT6735A-FRONT.jpg?v=1644734250
gid://shopify/MediaImage/29208965316832,,,,,,,,,,gid://shopify/Product/7559536443616,,https://cdn.shopify.com/s/files/1/0220/3498/products/PAT6735A-DETAIL.jpg?v=1644734250
gid://shopify/MediaImage/29208965349600,,,,,,,,,,gid://shopify/Product/7559536443616,,https://cdn.shopify.com/s/files/1/0220/3498/products/PAT6735A-ROOM.jpg?v=1644734250
gid://shopify/Product/7559539818720,Babylon Modern Concrete Console Table Dark Gray,Safavieh,Outdoor Dining Tables,1,Active,,,,,,,
gid://shopify/ProductVariant/42433951695072,,,,,,VNN1020A,gid://shopify/Product/7559539818720,Babylon Modern Concrete Console Table Dark Gray,,gid://shopify/Product/7559539818720,,
gid://shopify/MediaImage/29208991400160,,,,,,,,,,gid://shopify/Product/7559539818720,,https://cdn.shopify.com/s/files/1/0220/3498/products/VNN1020A-SIDE.jpg?v=1644734604
gid://shopify/MediaImage/29208991432928,,,,,,,,,,gid://shopify/Product/7559539818720,,https://cdn.shopify.com/s/files/1/0220/3498/products/VNN1020A-FRONT.jpg?v=1644734604
gid://shopify/MediaImage/29208991465696,,,,,,,,,,gid://shopify/Product/7559539818720,,https://cdn.shopify.com/s/files/1/0220/3498/products/VNN1020A-SIDE2.jpg?v=1644734604
gid://shopify/MediaImage/29208991498464,,,,,,,,,,gid://shopify/Product/7559539818720,,https://cdn.shopify.com/s/files/1/0220/3498/products/VNN1020A-BACK.jpg?v=1644734604
gid://shopify/MediaImage/29208991531232,,,,,,,,,,gid://shopify/Product/7559539818720,,https://cdn.shopify.com/s/files/1/0220/3498/products/VNN1020A-ROOM.jpg?v=1644734604
gid://shopify/MediaImage/29208991564000,,,,,,,,,,gid://shopify/Product/7559539818720,,https://cdn.shopify.com/s/files/1/0220/3498/products/VNN1020A-ROOM2.jpg?v=1644734604
gid://shopify/Product/4389844713530,Brandon Rectangle Dining Table Black,Safavieh,Dining Tables,1,Active,,,,,,,
gid://shopify/ProductVariant/31304473837626,,,,,,DTB5000A,gid://shopify/Product/4389844713530,Brandon Rectangle Dining Table Black,,gid://shopify/Product/4389844713530,,
gid://shopify/MediaImage/5802703716410,,,,,,,,,,gid://shopify/Product/4389844713530,,https://cdn.shopify.com/s/files/1/0220/3498/products/DTB5000A-SIDE2.jpg?v=1580768305
gid://shopify/MediaImage/5802703683642,,,,,,,,,,gid://shopify/Product/4389844713530,,https://cdn.shopify.com/s/files/1/0220/3498/products/DTB5000A-FRONT.jpg?v=1580768305
gid://shopify/MediaImage/5802703650874,,,,,,,,,,gid://shopify/Product/4389844713530,,https://cdn.shopify.com/s/files/1/0220/3498/products/DTB5000A-SIDE.jpg?v=1580768305
gid://shopify/MediaImage/5802703749178,,,,,,,,,,gid://shopify/Product/4389844713530,,https://cdn.shopify.com/s/files/1/0220/3498/products/DTB5000A-DETAIL.jpg?v=1580228308
gid://shopify/MediaImage/5802703781946,,,,,,,,,,gid://shopify/Product/4389844713530,,https://cdn.shopify.com/s/files/1/0220/3498/products/DTB5000A-LEG.jpg?v=1580228308
gid://shopify/MediaImage/5802703814714,,,,,,,,,,gid://shopify/Product/4389844713530,,https://cdn.shopify.com/s/files/1/0220/3498/products/DTB5000A-DIM.jpg?v=1580228308
gid://shopify/MediaImage/5802703847482,,,,,,,,,,gid://shopify/Product/4389844713530,,https://cdn.shopify.com/s/files/1/0220/3498/products/DTB5000A-ROOM.jpg?v=1580228308
gid://shopify/MediaImage/5802703880250,,,,,,,,,,gid://shopify/Product/4389844713530,,https://cdn.shopify.com/s/files/1/0220/3498/products/DTB5000A-ROOM2.jpg?v=1580228308
gid://shopify/Product/4389844779066,Brandon Rectangle Dining Table Walnut,Safavieh,Dining Tables,1,Active,,,,,,,
gid://shopify/ProductVariant/31304473870394,,,,,,DTB5000B,gid://shopify/Product/4389844779066,Brandon Rectangle Dining Table Walnut,,gid://shopify/Product/4389844779066,,
gid://shopify/MediaImage/5802703913018,,,,,,,,,,gid://shopify/Product/4389844779066,,https://cdn.shopify.com/s/files/1/0220/3498/products/DTB5000B-SIDE.jpg?v=1580228313
gid://shopify/MediaImage/5802703945786,,,,,,,,,,gid://shopify/Product/4389844779066,,https://cdn.shopify.com/s/files/1/0220/3498/products/DTB5000B-FRONT.jpg?v=1580228313
gid://shopify/MediaImage/5802703978554,,,,,,,,,,gid://shopify/Product/4389844779066,,https://cdn.shopify.com/s/files/1/0220/3498/products/DTB5000B-SIDE2.jpg?v=1580228313
gid://shopify/MediaImage/5802704011322,,,,,,,,,,gid://shopify/Product/4389844779066,,https://cdn.shopify.com/s/files/1/0220/3498/products/DTB5000B-ROOM.jpg?v=1580228313
gid://shopify/Product/7559545061600,Clancy Round Table Ash Gray,Safavieh,Outdoor Dining Tables,1,Active,,,,,,,
gid://shopify/ProductVariant/42433958609120,,,,,,PAT6733B,gid://shopify/Product/7559545061600,Clancy Round Table Ash Gray,,gid://shopify/Product/7559545061600,,
gid://shopify/MediaImage/29209027412192,,,,,,,,,,gid://shopify/Product/7559545061600,,https://cdn.shopify.com/s/files/1/0220/3498/products/PAT6733B-FRONT.jpg?v=1644735187
gid://shopify/MediaImage/29209027444960,,,,,,,,,,gid://shopify/Product/7559545061600,,https://cdn.shopify.com/s/files/1/0220/3498/products/PAT6733B-DETAIL.jpg?v=1644735187
gid://shopify/MediaImage/29209027477728,,,,,,,,,,gid://shopify/Product/7559545061600,,https://cdn.shopify.com/s/files/1/0220/3498/products/PAT6733B-ROOM.jpg?v=1644735187
gid://shopify/Product/7559545028832,Clancy Round Table Teak,Safavieh,Outdoor Dining Tables,1,Active,,,,,,,
gid://shopify/ProductVariant/42433958576352,,,,,,PAT6733A,gid://shopify/Product/7559545028832,Clancy Round Table Teak,,gid://shopify/Product/7559545028832,,
gid://shopify/MediaImage/29209027281120,,,,,,,,,,gid://shopify/Product/7559545028832,,https://cdn.shopify.com/s/files/1/0220/3498/products/PAT6733A-FRONT.jpg?v=1644735184
gid://shopify/MediaImage/29209027313888,,,,,,,,,,gid://shopify/Product/7559545028832,,https://cdn.shopify.com/s/files/1/0220/3498/products/PAT6733A-DETAIL.jpg?v=1644735184
gid://shopify/MediaImage/29209027346656,,,,,,,,,,gid://shopify/Product/7559545028832,,https://cdn.shopify.com/s/files/1/0220/3498/products/PAT6733A-ROOM.jpg?v=1644735184
gid://shopify/Product/4321059831866,Ford Drop Leaf Dining Table Antique White,Safavieh,Dining Tables,1,Active,,,,,,,
gid://shopify/ProductVariant/31033279053882,,,,,,DTB1000A,gid://shopify/Product/4321059831866,Ford Drop Leaf Dining Table Antique White,,gid://shopify/Product/4321059831866,,
gid://shopify/MediaImage/5496143151162,,,,,,,,,,gid://shopify/Product/4321059831866,,https://cdn.shopify.com/s/files/1/0220/3498/products/DTB1000A-FRONT_75cedbc4-6bd7-4922-8b2b-bc2ecffde4bd.jpg?v=1573556951
gid://shopify/MediaImage/5496143183930,,,,,,,,,,gid://shopify/Product/4321059831866,,https://cdn.shopify.com/s/files/1/0220/3498/products/DTB1000A-COLLAPSED_6f3ab0b5-3021-4c28-988b-a9980a613762.jpg?v=1573556951
gid://shopify/MediaImage/5496143216698,,,,,,,,,,gid://shopify/Product/4321059831866,,https://cdn.shopify.com/s/files/1/0220/3498/products/DTB1000A-ROOM_67004086-e0a3-4ff5-9133-ead0e96ae4b0.jpg?v=1573556951
gid://shopify/MediaImage/5496143249466,,,,,,,,,,gid://shopify/Product/4321059831866,,https://cdn.shopify.com/s/files/1/0220/3498/products/DTB1000A-ROOM2_907c4559-2aa7-435b-b2c4-dc9355100ef9.jpg?v=1573556951
gid://shopify/MediaImage/5496143282234,,,,,,,,,,gid://shopify/Product/4321059831866,,https://cdn.shopify.com/s/files/1/0220/3498/products/DTB1000A-ROOM3_58c899cf-12b9-4bfc-ba0b-6c5247192f37.jpg?v=1573556951
gid://shopify/Product/4321059733562,Ford Drop Leaf Dining Table Gray Wash,Safavieh,Dining Tables,1,Active,,,,,,,
gid://shopify/ProductVariant/31033278988346,,,,,,DTB1000C,gid://shopify/Product/4321059733562,Ford Drop Leaf Dining Table Gray Wash,,gid://shopify/Product/4321059733562,,
gid://shopify/MediaImage/5496142331962,,,,,,,,,,gid://shopify/Product/4321059733562,,https://cdn.shopify.com/s/files/1/0220/3498/products/DTB1000C-FRONT_899bc58f-15d4-4613-a5ee-293d0ddfad37.jpg?v=1573556935
gid://shopify/MediaImage/5496142364730,,,,,,,,,,gid://shopify/Product/4321059733562,,https://cdn.shopify.com/s/files/1/0220/3498/products/DTB1000C-COLLAPSED_50c715cf-5c68-4d93-be5b-26fe7d51077f.jpg?v=1573556935
gid://shopify/MediaImage/5496142397498,,,,,,,,,,gid://shopify/Product/4321059733562,,https://cdn.shopify.com/s/files/1/0220/3498/products/DTB1000C-ROOM_9c0ea26b-8d16-437b-b519-0d2fd4720589.jpg?v=1573556935
gid://shopify/MediaImage/5496142430266,,,,,,,,,,gid://shopify/Product/4321059733562,,https://cdn.shopify.com/s/files/1/0220/3498/products/DTB1000C-ROOM2_20fecb39-0007-4eb9-a53e-cb62e1dffb50.jpg?v=1573556935
gid://shopify/MediaImage/5496142463034,,,,,,,,,,gid://shopify/Product/4321059733562,,https://cdn.shopify.com/s/files/1/0220/3498/products/DTB1000C-ROOM3_b88470bd-b293-41d9-b3a5-997c7fa9d8f1.jpg?v=1573556935
gid://shopify/Product/4321059799098,Ford Drop Leaf Dining Table Rustic Natural,Safavieh,Dining Tables,1,Active,,,,,,,
gid://shopify/ProductVariant/31033279021114,,,,,,DTB1000B,gid://shopify/Product/4321059799098,Ford Drop Leaf Dining Table Rustic Natural,,gid://shopify/Product/4321059799098,,
gid://shopify/MediaImage/5496142889018,,,,,,,,,,gid://shopify/Product/4321059799098,,https://cdn.shopify.com/s/files/1/0220/3498/products/DTB1000B-FRONT_17365b27-51cb-4044-8dcd-54b0e838f8bf.jpg?v=1573556944
gid://shopify/MediaImage/5496142921786,,,,,,,,,,gid://shopify/Product/4321059799098,,https://cdn.shopify.com/s/files/1/0220/3498/products/DTB1000B-COLLAPSED_b512401e-0f71-42cc-affe-5fd85c8b4aa4.jpg?v=1573556944
gid://shopify/MediaImage/5496142954554,,,,,,,,,,gid://shopify/Product/4321059799098,,https://cdn.shopify.com/s/files/1/0220/3498/products/DTB1000B-ROOM_776a39a9-3c19-46a6-9e86-8b2fd27f1456.jpg?v=1573556944
gid://shopify/MediaImage/5496142987322,,,,,,,,,,gid://shopify/Product/4321059799098,,https://cdn.shopify.com/s/files/1/0220/3498/products/DTB1000B-ROOM2_465a447c-113f-4e31-98b5-218350d810a3.jpg?v=1573556944
gid://shopify/MediaImage/5496143020090,,,,,,,,,,gid://shopify/Product/4321059799098,,https://cdn.shopify.com/s/files/1/0220/3498/products/DTB1000B-ROOM3_0aaa569f-46fe-45c8-8311-4cd6f428a7ae.jpg?v=1573556944
gid://shopify/Product/7559558070496,Izumi Rectangle Counter Table White,Safavieh,Dining Tables,1,Active,,,,,,,
gid://shopify/ProductVariant/42433979875552,,,,,,DTB9216A,gid://shopify/Product/7559558070496,Izumi Rectangle Counter Table White,,gid://shopify/Product/7559558070496,,
gid://shopify/MediaImage/29209132040416,,,,,,,,,,gid://shopify/Product/7559558070496,,https://cdn.shopify.com/s/files/1/0220/3498/products/DTB9216A-SIDE.jpg?v=1644736691
gid://shopify/MediaImage/29209132073184,,,,,,,,,,gid://shopify/Product/7559558070496,,https://cdn.shopify.com/s/files/1/0220/3498/products/DTB9216A-FRONT.jpg?v=1644736691
gid://shopify/MediaImage/29209132105952,,,,,,,,,,gid://shopify/Product/7559558070496,,https://cdn.shopify.com/s/files/1/0220/3498/products/DTB9216A-SIDE2.jpg?v=1644736691
gid://shopify/MediaImage/29209132138720,,,,,,,,,,gid://shopify/Product/7559558070496,,https://cdn.shopify.com/s/files/1/0220/3498/products/DTB9216A-DETAIL.jpg?v=1644736691
gid://shopify/MediaImage/29209132171488,,,,,,,,,,gid://shopify/Product/7559558070496,,https://cdn.shopify.com/s/files/1/0220/3498/products/DTB9216A-ROOM.jpg?v=1644736691
gid://shopify/MediaImage/29209132204256,,,,,,,,,,gid://shopify/Product/7559558070496,,https://cdn.shopify.com/s/files/1/0220/3498/products/DTB9216A-ROOM2.jpg?v=1644736691
gid://shopify/MediaImage/29209132237024,,,,,,,,,,gid://shopify/Product/7559558070496,,https://cdn.shopify.com/s/files/1/0220/3498/products/DTB9216A-DIM.jpg?v=1644736691
gid://shopify/Product/7559561281760,Katelyn Extension Dining Table Dark Gray,Safavieh,Dining Tables,1,Active,,,,,,,
gid://shopify/ProductVariant/42433984069856,,,,,,DTB1403B,gid://shopify/Product/7559561281760,Katelyn Extension Dining Table Dark Gray,,gid://shopify/Product/7559561281760,,
gid://shopify/MediaImage/29209156452576,,,,,,,,,,gid://shopify/Product/7559561281760,,https://cdn.shopify.com/s/files/1/0220/3498/products/DTB1403B-SIDE.jpg?v=1644737047
gid://shopify/MediaImage/29209156485344,,,,,,,,,,gid://shopify/Product/7559561281760,,https://cdn.shopify.com/s/files/1/0220/3498/products/DTB1403B-FRONT.jpg?v=1644737047
gid://shopify/MediaImage/29209156518112,,,,,,,,,,gid://shopify/Product/7559561281760,,https://cdn.shopify.com/s/files/1/0220/3498/products/DTB1403B-SIDE2.jpg?v=1644737047
gid://shopify/MediaImage/29209156550880,,,,,,,,,,gid://shopify/Product/7559561281760,,https://cdn.shopify.com/s/files/1/0220/3498/products/DTB1403B-BACK.jpg?v=1644737047
gid://shopify/MediaImage/29209156583648,,,,,,,,,,gid://shopify/Product/7559561281760,,https://cdn.shopify.com/s/files/1/0220/3498/products/DTB1403B-BACK2.jpg?v=1644737047
gid://shopify/MediaImage/29209156616416,,,,,,,,,,gid://shopify/Product/7559561281760,,https://cdn.shopify.com/s/files/1/0220/3498/products/DTB1403B-DETAIL.jpg?v=1644737047
gid://shopify/MediaImage/29209156649184,,,,,,,,,,gid://shopify/Product/7559561281760,,https://cdn.shopify.com/s/files/1/0220/3498/products/DTB1403B-ROOM.jpg?v=1644737047
gid://shopify/MediaImage/29209156681952,,,,,,,,,,gid://shopify/Product/7559561281760,,https://cdn.shopify.com/s/files/1/0220/3498/products/DTB1403B-ROOM2.jpg?v=1644737047
gid://shopify/Product/7559561150688,Katelyn Extension Dining Table Matte Black,Safavieh,Dining Tables,1,Active,,,,,,,
gid://shopify/ProductVariant/42433983938784,,,,,,DTB1403A,gid://shopify/Product/7559561150688,Katelyn Extension Dining Table Matte Black,,gid://shopify/Product/7559561150688,,
gid://shopify/MediaImage/29209155338464,,,,,,,,,,gid://shopify/Product/7559561150688,,https://cdn.shopify.com/s/files/1/0220/3498/products/DTB1403A-SIDE.jpg?v=1644737037
gid://shopify/MediaImage/29209155371232,,,,,,,,,,gid://shopify/Product/7559561150688,,https://cdn.shopify.com/s/files/1/0220/3498/products/DTB1403A-FRONT.jpg?v=1644737037
gid://shopify/MediaImage/29209155404000,,,,,,,,,,gid://shopify/Product/7559561150688,,https://cdn.shopify.com/s/files/1/0220/3498/products/DTB1403A-SIDE2.jpg?v=1644737037
gid://shopify/MediaImage/29209155436768,,,,,,,,,,gid://shopify/Product/7559561150688,,https://cdn.shopify.com/s/files/1/0220/3498/products/DTB1403A-BACK.jpg?v=1644737037
gid://shopify/MediaImage/29209155469536,,,,,,,,,,gid://shopify/Product/7559561150688,,https://cdn.shopify.com/s/files/1/0220/3498/products/DTB1403A-BACK2.jpg?v=1644737037
gid://shopify/MediaImage/29209155502304,,,,,,,,,,gid://shopify/Product/7559561150688,,https://cdn.shopify.com/s/files/1/0220/3498/products/DTB1403A-DETAIL.jpg?v=1644737038
gid://shopify/MediaImage/29209155535072,,,,,,,,,,gid://shopify/Product/7559561150688,,https://cdn.shopify.com/s/files/1/0220/3498/products/DTB1403A-ROOM.jpg?v=1644737038
gid://shopify/MediaImage/29209155567840,,,,,,,,,,gid://shopify/Product/7559561150688,,https://cdn.shopify.com/s/files/1/0220/3498/products/DTB1403A-ROOM2.jpg?v=1644737038
gid://shopify/Product/7559562887392,Kylie Auto Mechanism Extension Dining Table Dark Gray,Safavieh,Dining Tables,1,Active,,,,,,,
gid://shopify/ProductVariant/42433986068704,,,,,,DTB1400B,gid://shopify/Product/7559562887392,Kylie Auto Mechanism Extension Dining Table Dark Gray,,gid://shopify/Product/7559562887392,,
gid://shopify/MediaImage/29209168576736,,,,,,,,,,gid://shopify/Product/7559562887392,,https://cdn.shopify.com/s/files/1/0220/3498/products/DTB1400B-SIDE2.jpg?v=1715956007
gid://shopify/MediaImage/29209168511200,,,,,,,,,,gid://shopify/Product/7559562887392,,https://cdn.shopify.com/s/files/1/0220/3498/products/DTB1400B-SIDE.jpg?v=1715956007
gid://shopify/MediaImage/29209168543968,,,,,,,,,,gid://shopify/Product/7559562887392,,https://cdn.shopify.com/s/files/1/0220/3498/products/DTB1400B-FRONT.jpg?v=1715956007
gid://shopify/MediaImage/29209168609504,,,,,,,,,,gid://shopify/Product/7559562887392,,https://cdn.shopify.com/s/files/1/0220/3498/products/DTB1400B-BACK.jpg?v=1644737228
gid://shopify/MediaImage/29209168642272,,,,,,,,,,gid://shopify/Product/7559562887392,,https://cdn.shopify.com/s/files/1/0220/3498/products/DTB1400B-DETAIL.jpg?v=1644737228
gid://shopify/MediaImage/29209168740576,,,,,,,,,,gid://shopify/Product/7559562887392,,https://cdn.shopify.com/s/files/1/0220/3498/products/DTB1400B-DETAIL-ROOM.jpg?v=1644749066
gid://shopify/MediaImage/29209168675040,,,,,,,,,,gid://shopify/Product/7559562887392,,https://cdn.shopify.com/s/files/1/0220/3498/products/DTB1400B-ROOM.jpg?v=1644749066
gid://shopify/MediaImage/29209168707808,,,,,,,,,,gid://shopify/Product/7559562887392,,https://cdn.shopify.com/s/files/1/0220/3498/products/DTB1400B-ROOM2.jpg?v=1644749066
gid://shopify/Product/7559568031968,Loni Folding Round Dining Table Dark Gray,Safavieh,Dining Tables,1,Active,,,,,,,
gid://shopify/ProductVariant/42433998946528,,,,,,DTB1401B,gid://shopify/Product/7559568031968,Loni Folding Round Dining Table Dark Gray,,gid://shopify/Product/7559568031968,,
gid://shopify/MediaImage/29209212584160,,,,,,,,,,gid://shopify/Product/7559568031968,,https://cdn.shopify.com/s/files/1/0220/3498/products/DTB1401B-SIDE.jpg?v=1644737892
gid://shopify/MediaImage/29209212616928,,,,,,,,,,gid://shopify/Product/7559568031968,,https://cdn.shopify.com/s/files/1/0220/3498/products/DTB1401B-FRONT.jpg?v=1644737892
gid://shopify/MediaImage/29209212649696,,,,,,,,,,gid://shopify/Product/7559568031968,,https://cdn.shopify.com/s/files/1/0220/3498/products/DTB1401B-BACK.jpg?v=1644737892
gid://shopify/MediaImage/29209212682464,,,,,,,,,,gid://shopify/Product/7559568031968,,https://cdn.shopify.com/s/files/1/0220/3498/products/DTB1401B-DETAIL.jpg?v=1644737892
gid://shopify/MediaImage/29209212780768,,,,,,,,,,gid://shopify/Product/7559568031968,,https://cdn.shopify.com/s/files/1/0220/3498/products/DTB1401B-DETAIL-ROOM.jpg?v=1644859351
gid://shopify/MediaImage/29209212715232,,,,,,,,,,gid://shopify/Product/7559568031968,,https://cdn.shopify.com/s/files/1/0220/3498/products/DTB1401B-ROOM.jpg?v=1644859351
gid://shopify/MediaImage/29209212748000,,,,,,,,,,gid://shopify/Product/7559568031968,,https://cdn.shopify.com/s/files/1/0220/3498/products/DTB1401B-ROOM2.jpg?v=1644859351
gid://shopify/Product/7559567999200,Loni Folding Round Dining Table Walnut,Safavieh,Dining Tables,1,Active,,,,,,,
gid://shopify/ProductVariant/42433998848224,,,,,,DTB1401A,gid://shopify/Product/7559567999200,Loni Folding Round Dining Table Walnut,,gid://shopify/Product/7559567999200,,
gid://shopify/MediaImage/29209212158176,,,,,,,,,,gid://shopify/Product/7559567999200,,https://cdn.shopify.com/s/files/1/0220/3498/products/DTB1401A-SIDE.jpg?v=1644737883
gid://shopify/MediaImage/29209212190944,,,,,,,,,,gid://shopify/Product/7559567999200,,https://cdn.shopify.com/s/files/1/0220/3498/products/DTB1401A-FRONT.jpg?v=1644737883
gid://shopify/MediaImage/29209212223712,,,,,,,,,,gid://shopify/Product/7559567999200,,https://cdn.shopify.com/s/files/1/0220/3498/products/DTB1401A-BACK.jpg?v=1644737883
gid://shopify/MediaImage/29209212256480,,,,,,,,,,gid://shopify/Product/7559567999200,,https://cdn.shopify.com/s/files/1/0220/3498/products/DTB1401A-DETAIL.jpg?v=1644737883
gid://shopify/MediaImage/29209212354784,,,,,,,,,,gid://shopify/Product/7559567999200,,https://cdn.shopify.com/s/files/1/0220/3498/products/DTB1401A-DETAIL-ROOM.jpg?v=1644859358
gid://shopify/MediaImage/29209212289248,,,,,,,,,,gid://shopify/Product/7559567999200,,https://cdn.shopify.com/s/files/1/0220/3498/products/DTB1401A-ROOM.jpg?v=1644859358
gid://shopify/MediaImage/29209212322016,,,,,,,,,,gid://shopify/Product/7559567999200,,https://cdn.shopify.com/s/files/1/0220/3498/products/DTB1401A-ROOM2.jpg?v=1644859358
gid://shopify/Product/4321072709690,Marcel Round Dining Table,Safavieh,Dining Tables,1,Active,,,,,,,
gid://shopify/ProductVariant/31033296060474,,,,,,FOX4260A,gid://shopify/Product/4321072709690,Marcel Round Dining Table,,gid://shopify/Product/4321072709690,,
gid://shopify/MediaImage/5496204951610,,,,,,,,,,gid://shopify/Product/4321072709690,,https://cdn.shopify.com/s/files/1/0220/3498/products/FOX4260A-SIDE_377f504c-4613-45c2-ba44-5b4d0de7535c.jpg?v=1592358949
gid://shopify/MediaImage/6174737727546,,,,,,,,,,gid://shopify/Product/4321072709690,,https://cdn.shopify.com/s/files/1/0220/3498/products/FOX4260A-FRONT.jpg?v=1592358959
gid://shopify/MediaImage/5496205017146,,,,,,,,,,gid://shopify/Product/4321072709690,,https://cdn.shopify.com/s/files/1/0220/3498/products/FOX4260A-ROOM_3f111cc0-c9b0-4c4a-9922-ad375e05047e.jpg?v=1592358959
gid://shopify/Product/4321052065850,Miller Dining Table Gray/White Washed,Safavieh,Dining Tables,1,Active,,,,,,,
gid://shopify/ProductVariant/31033261260858,,,,,,DTB6500B,gid://shopify/Product/4321052065850,Miller Dining Table Gray/White Washed,,gid://shopify/Product/4321052065850,,
gid://shopify/MediaImage/5496104386618,,,,,,,,,,gid://shopify/Product/4321052065850,,https://cdn.shopify.com/s/files/1/0220/3498/products/DTB6500B-BACK_f4e2e952-71a0-4096-8504-ff39f421da1f.jpg?v=1725083258
gid://shopify/MediaImage/5496104353850,,,,,,,,,,gid://shopify/Product/4321052065850,,https://cdn.shopify.com/s/files/1/0220/3498/products/DTB6500B-SIDE_7c37af1e-3a56-49d9-b98f-098a86ca15d5.jpg?v=1725083258
gid://shopify/MediaImage/5496104321082,,,,,,,,,,gid://shopify/Product/4321052065850,,https://cdn.shopify.com/s/files/1/0220/3498/products/DTB6500B-FRONT_b9cdb3b3-aa38-4457-89fa-9f3d747e1d81.jpg?v=1725083258
gid://shopify/MediaImage/5496104419386,,,,,,,,,,gid://shopify/Product/4321052065850,,https://cdn.shopify.com/s/files/1/0220/3498/products/DTB6500B-DETAIL_a03e11ca-d46b-4819-816b-e2f1f8ac9f0a.jpg?v=1573555999
gid://shopify/MediaImage/5496104452154,,,,,,,,,,gid://shopify/Product/4321052065850,,https://cdn.shopify.com/s/files/1/0220/3498/products/DTB6500B-LEG_5b85a203-e830-486d-b7d6-3f4b38517b07.jpg?v=1573555999
gid://shopify/MediaImage/5496104484922,,,,,,,,,,gid://shopify/Product/4321052065850,,https://cdn.shopify.com/s/files/1/0220/3498/products/DTB6500B-ROOM_778663d8-39d9-45f4-ae45-484c97e7eb4b.jpg?v=1573555999
gid://shopify/Product/4321052098618,Miller Dining Table Natural,Safavieh,Dining Tables,1,Active,,,,,,,
gid://shopify/ProductVariant/31033261293626,,,,,,DTB6500A,gid://shopify/Product/4321052098618,Miller Dining Table Natural,,gid://shopify/Product/4321052098618,,
gid://shopify/MediaImage/5496104747066,,,,,,,,,,gid://shopify/Product/4321052098618,,https://cdn.shopify.com/s/files/1/0220/3498/products/DTB6500A-FRONT_7d424291-40f9-4f3e-a1e0-7172206dbd67.jpg?v=1573556011
gid://shopify/MediaImage/5496104779834,,,,,,,,,,gid://shopify/Product/4321052098618,,https://cdn.shopify.com/s/files/1/0220/3498/products/DTB6500A-BACK_46255520-1c90-47f1-aa6a-0f83ab01cb60.jpg?v=1573556011
gid://shopify/MediaImage/5496104812602,,,,,,,,,,gid://shopify/Product/4321052098618,,https://cdn.shopify.com/s/files/1/0220/3498/products/DTB6500A-TOP_070dc9f2-0001-495c-8e0f-05e3d74e2545.jpg?v=1573556011
gid://shopify/MediaImage/5496104845370,,,,,,,,,,gid://shopify/Product/4321052098618,,https://cdn.shopify.com/s/files/1/0220/3498/products/DTB6500A-DETAIL_0cfa31e9-006e-4bf0-ab3f-5fd4d1f5ab69.jpg?v=1573556011
gid://shopify/MediaImage/5496104878138,,,,,,,,,,gid://shopify/Product/4321052098618,,https://cdn.shopify.com/s/files/1/0220/3498/products/DTB6500A-LEG_a2508fa4-1ad4-46d0-b2e9-255741057eb7.jpg?v=1573556011
gid://shopify/MediaImage/5496104910906,,,,,,,,,,gid://shopify/Product/4321052098618,,https://cdn.shopify.com/s/files/1/0220/3498/products/DTB6500A-ROOM_e17d6b33-7283-4723-88ef-7c66cab17e78.jpg?v=1573556011
gid://shopify/Product/4321073266746,Moriah Wood Dining Table,Safavieh,Dining Tables,1,Active,,,,,,,
gid://shopify/ProductVariant/31033296584762,,,,,,FOX4247A,gid://shopify/Product/4321073266746,Moriah Wood Dining Table,,gid://shopify/Product/4321073266746,,
gid://shopify/MediaImage/5496206393402,,,,,,,,,,gid://shopify/Product/4321073266746,,https://cdn.shopify.com/s/files/1/0220/3498/products/FOX4247A-SIDE_1b02d56c-39ea-460b-922b-8d3d8889c086.jpg?v=1573558715
gid://shopify/MediaImage/5496206426170,,,,,,,,,,gid://shopify/Product/4321073266746,,https://cdn.shopify.com/s/files/1/0220/3498/products/FOX4247A-FRONT_0c5bf9f9-cac2-4102-9a36-8b3122eb9324.jpg?v=1573558715
gid://shopify/MediaImage/5496206458938,,,,,,,,,,gid://shopify/Product/4321073266746,,https://cdn.shopify.com/s/files/1/0220/3498/products/FOX4247A-SIDE2_b85290a6-dbf7-4cd0-8e71-d71c864bdfd8.jpg?v=1573558715
gid://shopify/MediaImage/5496206491706,,,,,,,,,,gid://shopify/Product/4321073266746,,https://cdn.shopify.com/s/files/1/0220/3498/products/FOX4247A-ROOM_4b96314b-564f-4389-bafb-c1548b05a2e5.jpg?v=1573558715
gid://shopify/Product/7559583334624,Rafin Modern Concrete Console Dark Gray,Safavieh,Outdoor Dining Tables,1,Active,,,,,,,
gid://shopify/ProductVariant/42434033877216,,,,,,VNN1019A,gid://shopify/Product/7559583334624,Rafin Modern Concrete Console Dark Gray,,gid://shopify/Product/7559583334624,,
gid://shopify/MediaImage/29209331695840,,,,,,,,,,gid://shopify/Product/7559583334624,,https://cdn.shopify.com/s/files/1/0220/3498/products/VNN1019A-SIDE.jpg?v=1644739666
gid://shopify/MediaImage/29209331728608,,,,,,,,,,gid://shopify/Product/7559583334624,,https://cdn.shopify.com/s/files/1/0220/3498/products/VNN1019A-FRONT.jpg?v=1644739666
gid://shopify/MediaImage/29209331761376,,,,,,,,,,gid://shopify/Product/7559583334624,,https://cdn.shopify.com/s/files/1/0220/3498/products/VNN1019A-SIDE2.jpg?v=1644739666
gid://shopify/MediaImage/29209331794144,,,,,,,,,,gid://shopify/Product/7559583334624,,https://cdn.shopify.com/s/files/1/0220/3498/products/VNN1019A-BACK.jpg?v=1644739666
gid://shopify/MediaImage/29209331826912,,,,,,,,,,gid://shopify/Product/7559583334624,,https://cdn.shopify.com/s/files/1/0220/3498/products/VNN1019A-ROOM.jpg?v=1644739666
gid://shopify/MediaImage/29209331859680,,,,,,,,,,gid://shopify/Product/7559583334624,,https://cdn.shopify.com/s/files/1/0220/3498/products/VNN1019A-ROOM2.jpg?v=1644739666
gid://shopify/Product/4321052000314,Sibel Square Dining Table Gray Walnut,Safavieh,Dining Tables,1,Active,,,,,,,
gid://shopify/ProductVariant/31033261228090,,,,,,DTB9200B,gid://shopify/Product/4321052000314,Sibel Square Dining Table Gray Walnut,,gid://shopify/Product/4321052000314,,
gid://shopify/MediaImage/5496104058938,,,,,,,,,,gid://shopify/Product/4321052000314,,https://cdn.shopify.com/s/files/1/0220/3498/products/DTB9200B-SIDE_9777425d-87ae-48e3-bd44-778075c5e5d3.jpg?v=1573555990
gid://shopify/MediaImage/5496104091706,,,,,,,,,,gid://shopify/Product/4321052000314,,https://cdn.shopify.com/s/files/1/0220/3498/products/DTB9200B-FRONT_7a386055-edb1-4e51-ba41-610489a287c0.jpg?v=1573555990
gid://shopify/MediaImage/5496104124474,,,,,,,,,,gid://shopify/Product/4321052000314,,https://cdn.shopify.com/s/files/1/0220/3498/products/DTB9200B-DETAIL_982b01a8-d8cf-4065-9834-6ff432470fb7.jpg?v=1573555990
gid://shopify/MediaImage/5496104157242,,,,,,,,,,gid://shopify/Product/4321052000314,,https://cdn.shopify.com/s/files/1/0220/3498/products/DTB9200B-LEG_d6af2817-6e84-4114-8f25-598d157f470f.jpg?v=1573555990
gid://shopify/MediaImage/5496104190010,,,,,,,,,,gid://shopify/Product/4321052000314,,https://cdn.shopify.com/s/files/1/0220/3498/products/DTB9200B-ROOM_8f58f4d4-8b5d-442e-a924-8d4dc6beb0a4.jpg?v=1573555990
gid://shopify/Product/4321038598202,Sibel Square Dining Table Walnut,Safavieh,Dining Tables,1,Active,,,,,,,
gid://shopify/ProductVariant/31033239568442,,,,,,DTB9200A,gid://shopify/Product/4321038598202,Sibel Square Dining Table Walnut,,gid://shopify/Product/4321038598202,,
gid://shopify/MediaImage/5496040685626,,,,,,,,,,gid://shopify/Product/4321038598202,,https://cdn.shopify.com/s/files/1/0220/3498/products/DTB9200A-SIDE_3bdc702c-d61d-4b63-839b-8cfb3b1efc4b.jpg?v=1573554321
gid://shopify/MediaImage/5496040718394,,,,,,,,,,gid://shopify/Product/4321038598202,,https://cdn.shopify.com/s/files/1/0220/3498/products/DTB9200A-FRONT_0208ac85-aebc-4ea3-86d9-f17067c35665.jpg?v=1573554321
gid://shopify/MediaImage/5496040751162,,,,,,,,,,gid://shopify/Product/4321038598202,,https://cdn.shopify.com/s/files/1/0220/3498/products/DTB9200A-DETAIL_c5c588eb-da19-41cd-85e5-5402ec12c9bd.jpg?v=1573554321
gid://shopify/MediaImage/5496040783930,,,,,,,,,,gid://shopify/Product/4321038598202,,https://cdn.shopify.com/s/files/1/0220/3498/products/DTB9200A-LEG_a8a74fae-c6c4-4aef-9b17-d245764e4fd2.jpg?v=1573554321
gid://shopify/Product/4321038565434,Sibel Square Dining Table White,Safavieh,Dining Tables,1,Active,,,,,,,
gid://shopify/ProductVariant/31033239437370,,,,,,DTB9200C,gid://shopify/Product/4321038565434,Sibel Square Dining Table White,,gid://shopify/Product/4321038565434,,
gid://shopify/MediaImage/5496040456250,,,,,,,,,,gid://shopify/Product/4321038565434,,https://cdn.shopify.com/s/files/1/0220/3498/products/DTB9200C-SIDE_cbb775ae-5a81-49a3-919c-08f6d7e5ebae.jpg?v=1573554315
gid://shopify/MediaImage/5496040489018,,,,,,,,,,gid://shopify/Product/4321038565434,,https://cdn.shopify.com/s/files/1/0220/3498/products/DTB9200C-FRONT_53b32dd2-176d-4a5c-840d-689d54118fb7.jpg?v=1573554315
gid://shopify/MediaImage/5496040521786,,,,,,,,,,gid://shopify/Product/4321038565434,,https://cdn.shopify.com/s/files/1/0220/3498/products/DTB9200C-DETAIL_0249ebe4-d515-434b-bacb-118a85738c30.jpg?v=1573554315
gid://shopify/MediaImage/5496040554554,,,,,,,,,,gid://shopify/Product/4321038565434,,https://cdn.shopify.com/s/files/1/0220/3498/products/DTB9200C-LEG_90cafb0d-8ffa-4e5e-b4a1-6c65b48ce872.jpg?v=1573554315
gid://shopify/Product/7559592280288,Sicily Rectangle Dining Table White,Safavieh,Dining Tables,1,Active,,,,,,,
gid://shopify/ProductVariant/42434065301728,,,,,,DTB9213B,gid://shopify/Product/7559592280288,Sicily Rectangle Dining Table White,,gid://shopify/Product/7559592280288,,
gid://shopify/MediaImage/29209388417248,,,,,,,,,,gid://shopify/Product/7559592280288,,https://cdn.shopify.com/s/files/1/0220/3498/products/DTB9213B-SIDE2.jpg?v=1644862712
gid://shopify/MediaImage/29209388384480,,,,,,,,,,gid://shopify/Product/7559592280288,,https://cdn.shopify.com/s/files/1/0220/3498/products/DTB9213B-FRONT.jpg?v=1644862712
gid://shopify/MediaImage/29209388351712,,,,,,,,,,gid://shopify/Product/7559592280288,,https://cdn.shopify.com/s/files/1/0220/3498/products/DTB9213B-SIDE.jpg?v=1644862712
gid://shopify/MediaImage/29209388450016,,,,,,,,,,gid://shopify/Product/7559592280288,,https://cdn.shopify.com/s/files/1/0220/3498/products/DTB9213B-DETAIL.jpg?v=1644740397
gid://shopify/MediaImage/29209388482784,,,,,,,,,,gid://shopify/Product/7559592280288,,https://cdn.shopify.com/s/files/1/0220/3498/products/DTB9213B-ROOM.jpg?v=1644740397
gid://shopify/MediaImage/29209388515552,,,,,,,,,,gid://shopify/Product/7559592280288,,https://cdn.shopify.com/s/files/1/0220/3498/products/DTB9213B-ROOM2.jpg?v=1644740397
gid://shopify/Product/7559592247520,Sicily Rectangle Dining Table White/Natural,Safavieh,Dining Tables,1,Active,,,,,,,
gid://shopify/ProductVariant/42434065236192,,,,,,DTB9213A,gid://shopify/Product/7559592247520,Sicily Rectangle Dining Table White/Natural,,gid://shopify/Product/7559592247520,,
gid://shopify/MediaImage/29209387925728,,,,,,,,,,gid://shopify/Product/7559592247520,,https://cdn.shopify.com/s/files/1/0220/3498/products/DTB9213A-SIDE.jpg?v=1644740390
gid://shopify/MediaImage/29209387958496,,,,,,,,,,gid://shopify/Product/7559592247520,,https://cdn.shopify.com/s/files/1/0220/3498/products/DTB9213A-FRONT.jpg?v=1644740390
gid://shopify/MediaImage/29209387991264,,,,,,,,,,gid://shopify/Product/7559592247520,,https://cdn.shopify.com/s/files/1/0220/3498/products/DTB9213A-SIDE2.jpg?v=1644740390
gid://shopify/MediaImage/29209388024032,,,,,,,,,,gid://shopify/Product/7559592247520,,https://cdn.shopify.com/s/files/1/0220/3498/products/DTB9213A-BACK.jpg?v=1644740390
gid://shopify/MediaImage/29209388056800,,,,,,,,,,gid://shopify/Product/7559592247520,,https://cdn.shopify.com/s/files/1/0220/3498/products/DTB9213A-DETAIL.jpg?v=1644740390
gid://shopify/MediaImage/29209388089568,,,,,,,,,,gid://shopify/Product/7559592247520,,https://cdn.shopify.com/s/files/1/0220/3498/products/DTB9213A-ROOM.jpg?v=1644740390
gid://shopify/MediaImage/29209388122336,,,,,,,,,,gid://shopify/Product/7559592247520,,https://cdn.shopify.com/s/files/1/0220/3498/products/DTB9213A-ROOM2.jpg?v=1644740390
gid://shopify/MediaImage/29209388155104,,,,,,,,,,gid://shopify/Product/7559592247520,,https://cdn.shopify.com/s/files/1/0220/3498/products/DTB9213A-DIM.jpg?v=1644740390
gid://shopify/Product/4389844811834,Tiana Rectangle Dining Table Antique/White,Safavieh,Dining Tables,1,Active,,,,,,,
gid://shopify/ProductVariant/31304473935930,,,,,,DTB9201C,gid://shopify/Product/4389844811834,Tiana Rectangle Dining Table Antique/White,,gid://shopify/Product/4389844811834,,
gid://shopify/MediaImage/5802704044090,,,,,,,,,,gid://shopify/Product/4389844811834,,https://cdn.shopify.com/s/files/1/0220/3498/products/DTB9201C-SIDE.jpg?v=1580228318
gid://shopify/MediaImage/5802704076858,,,,,,,,,,gid://shopify/Product/4389844811834,,https://cdn.shopify.com/s/files/1/0220/3498/products/DTB9201C-FRONT.jpg?v=1580228318
gid://shopify/MediaImage/5802704109626,,,,,,,,,,gid://shopify/Product/4389844811834,,https://cdn.shopify.com/s/files/1/0220/3498/products/DTB9201C-SIDE2.jpg?v=1580228318
gid://shopify/MediaImage/5802704142394,,,,,,,,,,gid://shopify/Product/4389844811834,,https://cdn.shopify.com/s/files/1/0220/3498/products/DTB9201C-ROOM.jpg?v=1580228318
gid://shopify/Product/4321051934778,Tiana Rectangle Dining Table Walnut,Safavieh,Dining Tables,1,Active,,,,,,,
gid://shopify/ProductVariant/31033261064250,,,,,,DTB9201A,gid://shopify/Product/4321051934778,Tiana Rectangle Dining Table Walnut,,gid://shopify/Product/4321051934778,,
gid://shopify/MediaImage/5496103632954,,,,,,,,,,gid://shopify/Product/4321051934778,,https://cdn.shopify.com/s/files/1/0220/3498/products/DTB9201A-SIDE_182023e3-f5f3-43e2-8e73-8190ef505ba8.jpg?v=1573555984
gid://shopify/MediaImage/5496103665722,,,,,,,,,,gid://shopify/Product/4321051934778,,https://cdn.shopify.com/s/files/1/0220/3498/products/DTB9201A-FRONT_97c9e5d1-df55-4a32-94c3-43dfc8850a8b.jpg?v=1573555984
gid://shopify/MediaImage/5496103698490,,,,,,,,,,gid://shopify/Product/4321051934778,,https://cdn.shopify.com/s/files/1/0220/3498/products/DTB9201A-SIDE2_2122f69b-b1e1-483b-9423-3ae531c3d5cd.jpg?v=1573555984
gid://shopify/MediaImage/5496103731258,,,,,,,,,,gid://shopify/Product/4321051934778,,https://cdn.shopify.com/s/files/1/0220/3498/products/DTB9201A-TOP_60a24e7f-8f08-4d36-822a-725d4d315e1c.jpg?v=1573555984
gid://shopify/MediaImage/5496103764026,,,,,,,,,,gid://shopify/Product/4321051934778,,https://cdn.shopify.com/s/files/1/0220/3498/products/DTB9201A-DETAIL_b639d294-111d-4b2c-a508-3e05a126abbb.jpg?v=1573555984
gid://shopify/MediaImage/5496103796794,,,,,,,,,,gid://shopify/Product/4321051934778,,https://cdn.shopify.com/s/files/1/0220/3498/products/DTB9201A-LEG_28bd2753-90cd-4ff3-b863-41c8db9aba43.jpg?v=1573555984
gid://shopify/MediaImage/5496103829562,,,,,,,,,,gid://shopify/Product/4321051934778,,https://cdn.shopify.com/s/files/1/0220/3498/products/DTB9201A-ROOM_452a55c5-e52c-41cf-977a-7a938810bdd5.jpg?v=1573555984
gid://shopify/Product/7559616364768,Vasco Manual Extension Dining Table Walnut,Safavieh,Dining Tables,1,Active,,,,,,,
gid://shopify/ProductVariant/42434128216288,,,,,,DTB1402A,gid://shopify/Product/7559616364768,Vasco Manual Extension Dining Table Walnut,,gid://shopify/Product/7559616364768,,
gid://shopify/MediaImage/29209460932832,,,,,,,,,,gid://shopify/Product/7559616364768,,https://cdn.shopify.com/s/files/1/0220/3498/products/DTB1402A-SIDE2.jpg?v=1645256919
gid://shopify/MediaImage/29209460900064,,,,,,,,,,gid://shopify/Product/7559616364768,,https://cdn.shopify.com/s/files/1/0220/3498/products/DTB1402A-FRONT.jpg?v=1645256919
gid://shopify/MediaImage/29209460867296,,,,,,,,,,gid://shopify/Product/7559616364768,,https://cdn.shopify.com/s/files/1/0220/3498/products/DTB1402A-SIDE.jpg?v=1645256919
gid://shopify/MediaImage/29209460965600,,,,,,,,,,gid://shopify/Product/7559616364768,,https://cdn.shopify.com/s/files/1/0220/3498/products/DTB1402A-BACK.jpg?v=1644741258
gid://shopify/MediaImage/29209460998368,,,,,,,,,,gid://shopify/Product/7559616364768,,https://cdn.shopify.com/s/files/1/0220/3498/products/DTB1402A-DETAIL.jpg?v=1644741258
gid://shopify/MediaImage/29209461031136,,,,,,,,,,gid://shopify/Product/7559616364768,,https://cdn.shopify.com/s/files/1/0220/3498/products/DTB1402A-ROOM.jpg?v=1644741258
gid://shopify/MediaImage/29209461063904,,,,,,,,,,gid://shopify/Product/7559616364768,,https://cdn.shopify.com/s/files/1/0220/3498/products/DTB1402A-ROOM2.jpg?v=1644741258
gid://shopify/Product/7559624753376,Walsh Round Dining Table Teak,Safavieh,Outdoor Dining Tables,1,Active,,,,,,,
gid://shopify/ProductVariant/42434138112224,,,,,,PAT7036A,gid://shopify/Product/7559624753376,Walsh Round Dining Table Teak,,gid://shopify/Product/7559624753376,,
gid://shopify/MediaImage/29209474957536,,,,,,,,,,gid://shopify/Product/7559624753376,,https://cdn.shopify.com/s/files/1/0220/3498/products/PAT7036A-FRONT.jpg?v=1644741418
gid://shopify/MediaImage/29209474990304,,,,,,,,,,gid://shopify/Product/7559624753376,,https://cdn.shopify.com/s/files/1/0220/3498/products/PAT7036A-BACK.jpg?v=1644741418
gid://shopify/MediaImage/29209475023072,,,,,,,,,,gid://shopify/Product/7559624753376,,https://cdn.shopify.com/s/files/1/0220/3498/products/PAT7036A-DETAIL.jpg?v=1644741418
gid://shopify/MediaImage/29209475055840,,,,,,,,,,gid://shopify/Product/7559624753376,,https://cdn.shopify.com/s/files/1/0220/3498/products/PAT7036A-DETAIL2.jpg?v=1644741418
gid://shopify/Product/4321076215866,Woven Square Lacquer Accent Table White,Safavieh,Dining Tables,1,Active,,,,,,,
gid://shopify/ProductVariant/31033299664954,,,,,,FOX4205A,gid://shopify/Product/4321076215866,Woven Square Lacquer Accent Table White,,gid://shopify/Product/4321076215866,,
gid://shopify/MediaImage/5496216092730,,,,,,,,,,gid://shopify/Product/4321076215866,,https://cdn.shopify.com/s/files/1/0220/3498/products/FOX4205A-SIDE_6a33fafa-9727-40db-97fd-70788a8299e1.jpg?v=1573559021
gid://shopify/MediaImage/5496216125498,,,,,,,,,,gid://shopify/Product/4321076215866,,https://cdn.shopify.com/s/files/1/0220/3498/products/FOX4205A-FRONT_01e77eb9-2fdc-43aa-b940-6ed10623bfdf.jpg?v=1573559021
gid://shopify/MediaImage/5496216158266,,,,,,,,,,gid://shopify/Product/4321076215866,,https://cdn.shopify.com/s/files/1/0220/3498/products/FOX4205A-ROOM_c3867aff-23d2-4a5e-ad93-6c0a56406b3d.jpg?v=1573559021
gid://shopify/Product/4321076183098,Woven Square Wood Accent Table Dark Brown,Safavieh,Dining Tables,1,Active,,,,,,,
gid://shopify/ProductVariant/31033299632186,,,,,,FOX4205B,gid://shopify/Product/4321076183098,Woven Square Wood Accent Table Dark Brown,,gid://shopify/Product/4321076183098,,
gid://shopify/MediaImage/5496215863354,,,,,,,,,,gid://shopify/Product/4321076183098,,https://cdn.shopify.com/s/files/1/0220/3498/products/FOX4205B-SIDE_50411f62-7980-459e-92bd-51b86d106043.jpg?v=1573559014
gid://shopify/MediaImage/5496215896122,,,,,,,,,,gid://shopify/Product/4321076183098,,https://cdn.shopify.com/s/files/1/0220/3498/products/FOX4205B-FRONT_5cfff2ce-1de9-404f-a8a4-caaca18306b4.jpg?v=1573559014
gid://shopify/MediaImage/5496215928890,,,,,,,,,,gid://shopify/Product/4321076183098,,https://cdn.shopify.com/s/files/1/0220/3498/products/FOX4205B-ROOM_25df3f14-0fbc-4981-a363-d2d42cf8cd8f.jpg?v=1573559014
